191.6596,NAN
192.035706493444,NAN
192.411797955067,NAN
192.787874356805,NAN
193.163935670596,NAN
193.539981868377,NAN
193.916012922084,NAN
194.292028803654,NAN
194.668029485024,NAN
195.044014938132,NAN
195.419985134913,-2.39290549993403
195.795940047305,-1.42653836574681
196.171879647245,-0.224894141112746
196.547803906669,-0.531999740895504
196.923712797515,-0.36486889338798
197.299606291719,-0.357419784414006
197.675484361218,NAN
198.051346977949,NAN
198.427194113849,NAN
198.803025740855,NAN
199.178841830904,0.417077993087532
199.554642355932,0.395397025980626
199.930427287877,0.165464098153532
200.306196598675,0.244127267283206
200.681950260263,0.356963196742345
201.057688244578,NAN
201.433410523557,-0.96622829643867
201.809117069137,-1.04072441123366
202.184807853255,-0.118889415060439
202.560482847847,0.045329757695115
202.936142024851,0.181031457879294
203.311785356203,0.306713973844809
203.68741281384,0.248836414297056
204.0630243697,0.808339509914465
204.438619995718,0.245068616296092
204.814199663832,0.205633894556168
205.189763345979,0.294157641790192
205.565311014096,0.599195010573235
205.940842640119,0.994696799802736
206.316358195985,0.689678786709108
206.691857653632,0.236019938613547
207.067340984996,0.170590196122562
207.442808162014,0.237723301018928
207.818259156622,0.256916532015435
208.193693940759,0.189708997357357
208.56911248636,0.138091376225135
208.944514765362,0.202138381168399
209.319900749703,0.492592570704534
209.695270411319,0.320882265164484
210.070623722148,0.308154742155967
210.445960654125,0.0919801186817306
210.821281179188,0.104059739386229
211.196585269274,-0.00427556539797561
211.57187289632,0.0852768225030482
211.947144032262,-0.0634453864242729
212.322398649038,-0.0376448525077977
212.697636718584,-0.0172778086022461
213.072858212837,-0.00462802049737775
213.448063103734,0.0191667842010049
213.823251363212,-0.0650673274457329
214.198422963208,-0.0767436967333345
214.573577875659,-0.042405072528705
214.948716072501,0.0345065317924733
215.323837525671,0.0490412715573631
215.698942207107,0.00347469989114303
216.074030088745,-0.00290060105960967
216.449101142522,0.0145859246670302
216.824155340375,0.0659410384722704
217.199192654241,0.0725884404219987
217.574213056057,0.0654529767506653
217.949216517759,-0.0103576654398156
218.324203011285,-0.0445672176277868
218.699172508571,-0.0779644300993319
219.074124981554,-0.0531454434476492
219.449060402171,-0.113781361452229
219.823978742359,-0.0674398090902432
220.198879974055,-0.0339244508712076
220.573764069196,-0.0699958473574023
220.948630999719,-0.0227495476743433
221.32348073756,-0.069390323824011
221.698313254656,0.0154849025139852
222.073128522945,0.0510882270996743
222.447926514362,0.00893791126935459
222.822707200846,-0.658688646347252
223.197470554332,NAN
223.572216546759,0.502269569522075
223.946945150062,0.254521139087762
224.321656336178,NAN
224.696350077045,-0.220396774177135
225.071026344599,-1.22873862270277
225.445685110777,NAN
225.820326347516,NAN
226.194950026753,-0.0814383847002961
226.569556120425,0.00341972339872835
226.944144600469,NAN
227.318715438821,0.133289031402782
227.693268607418,NAN
228.067804078198,NAN
228.442321823097,NAN
228.816821814052,NAN
229.191304023,NAN
229.565768421878,NAN
229.940214982622,NAN
230.31464367717,NAN
230.689054477458,NAN
231.063447355424,0.745880906138419
231.437822283004,0.318411746159466
231.812179232135,0.516463005321264
232.186518174754,-0.209589283758237
232.560839082798,-0.177933493613502
232.935141928203,-0.902401919100081
233.309426682907,-0.382634197210328
233.683693318846,-0.0363913420828717
234.057941807958,-0.0426987747619096
234.432172122179,-0.057317137653696
234.806384233446,-0.0999019965388639
235.180578113696,-0.0748352360300605
235.554753734866,-0.185064000610674
235.928911068893,-0.28701822057588
236.303050087713,-0.247244453529987
236.677170763264,-0.201213868406423
237.051273067482,-0.362899653245954
237.425356972304,-0.321748533029187
237.799422449668,-0.376064448005721
238.173469471509,-0.411132542266481
238.547498009766,-0.239112416692293
238.921508036374,-0.227206879022882
239.29549952327,-0.158281885943825
239.669472442393,-0.158291076998494
240.043426765677,-0.042585537958731
240.417362465061,-0.0376541502973218
240.791279512481,0.144673810905014
241.165177879874,0.122065838388323
241.539057539177,-0.00209621307048536
241.912918462327,-0.200355886522721
242.28676062126,-0.245279600110902
242.660583987914,-0.202427616640437
243.034388534225,-0.359582331567546
243.408174232131,-0.266013357606224
243.781941053567,-0.262525445302104
244.155688970472,-0.1991583237241
244.529417954782,-0.165307114534609
244.903127978433,-0.217972282518899
245.276819013363,-0.209100219857074
245.650491031509,-0.21361108965502
246.024144004807,-0.160552792472933
246.397777905195,-0.232592410882527
246.771392704608,-0.257535674612528
247.144988374985,-0.32029785479635
247.518564888262,-0.36682040445154
247.892122216375,-0.367062763638318
248.265660331262,-0.503737140670773
248.63917920486,-1.15549171896916
249.012678809105,NAN
249.386159115935,NAN
249.759620097285,NAN
250.133061725094,NAN
250.506483971298,NAN
250.879886807834,NAN
251.253270206638,NAN
251.626634139648,NAN
251.9999785788,NAN
252.373303496032,NAN
252.74660886328,NAN
253.119894652482,NAN
253.493160835573,NAN
253.866407384491,NAN
254.239634271172,NAN
254.612841467555,NAN
254.986028945575,NAN
255.359196677169,NAN
255.732344634275,NAN
256.105472788828,NAN
256.478581112767,NAN
256.851669578027,NAN
257.224738156547,-0.482209213307779
257.597786820262,-0.86497785799959
257.970815541109,-0.521591603405893
258.343824291026,-0.396885428265185
258.71681304195,-0.422382088148432
259.089781765816,-0.536995763298814
259.462730434562,-0.970209250095409
259.835659020126,NAN
260.208567494443,-0.899995128285924
260.581455829451,-0.421064204122467
260.954323997086,-0.392689668821623
261.327171969286,-0.460412069048528
261.699999717987,-1.66867453711679
262.072807215126,-0.990094281941427
262.445594432641,-0.902828122651845
262.818361342467,-0.994239414192912
263.191107916542,NAN
263.563834126803,-0.953854516428357
263.936539945186,-0.26073318072603
264.309225343629,-0.373808806815458
264.681890294068,-0.751905106684503
265.054534768441,-0.370501909886007
265.427158738683,-0.224337893113058
265.799762176733,-0.190438254490731
266.172345054526,-0.292076031536994
266.544907344,-0.579315020116742
266.917449017092,-0.822816220737411
267.289970045738,-0.131847071302372
267.662470401875,0.208307816636435
268.034950057441,0.292229439749903
268.407408984372,0.335250914929284
268.779847154604,0.224030226283769
269.152264540076,0.30182634324582
269.524661112723,0.213477737081541
269.897036844483,0.556608940962039
270.269391707293,NAN
270.641725673089,NAN
271.014038713808,NAN
271.386330801387,NAN
271.758601907764,NAN
272.130852004874,1.32735764088264
272.503081064655,0.369677804051355
272.875289059043,-0.122448115638048
273.247475959977,0.223919506482308
273.619641739391,0.741027099960237
273.991786369224,0.984194138321441
274.363909821412,0.59439630653188
274.736012067892,0.307190842681751
275.108093080601,0.213172225824734
275.480152831476,0.161064111377259
275.852191292453,0.0395664622564386
276.22420843547,0.0307084284595722
276.596204232464,-0.0553764309601717
276.96817865537,-0.259336921682626
277.340131676127,-0.0956243612360677
277.712063266671,-0.144105372742926
278.083973398939,-0.135616033830881
278.455862044868,-0.182165747017978
278.827729176394,-0.151306994325216
279.199574765455,-0.314882219985208
279.571398783987,-0.347574557189676
279.943201203928,-0.382115717426657
280.314981997214,-0.422394288869273
280.686741135782,-0.42029908473104
281.058478591569,-0.682837621451284
281.430194336512,-0.510554335363649
281.801888342548,-0.646860602707525
282.173560581613,-0.674988654322704
282.545211025644,-0.665652860048943
282.916839646579,-0.622013744803814
283.288446416355,-0.912675602376914
283.660031306907,-0.543708852407104
284.031594290173,-1.04881379012411
284.403135338091,-0.367646044347543
284.774654422596,-0.089624052523188
285.146151515625,-0.133446052708343
285.517626589116,-0.0974916014272615
285.889079615006,-0.0217325629848479
286.26051056523,-0.258016669698714
286.631919411727,0.0303658649269275
287.003306126433,1.92941354852278
287.374670681285,NAN
287.746013048219,NAN
288.117333199173,NAN
288.488631106084,NAN
288.859906740888,0.735288175339719
289.231160075522,0.375599841639481
289.602391081924,0.184054412948944
289.973599732029,-0.0784389184246541
290.344785997776,-0.0811406956025711
290.7159498511,-0.0871911028454455
291.087091263939,-0.0168385237545233
291.45821020823,-0.156272519314945
291.829306655908,-0.14420382096344
292.200380578913,-0.32859795499877
292.571431949179,-0.4535589960345
292.942460738644,-0.49644654386248
293.313466919246,-0.530315523992532
293.68445046292,-0.919765306138298
294.055411341604,-0.367433809554971
294.426349527234,-0.411538146236078
294.797264991748,-0.232525830490292
295.168157707083,-0.192276934764257
295.539027645174,-0.245723033057337
295.90987477796,-0.214682451751902
296.280699077376,-0.251940749098674
296.65150051536,-0.22459172191152
297.022279063849,-0.38972336233885
297.39303469478,-0.344422065811572
297.763767380089,-0.272256746825589
298.134477091714,-0.731181736998161
298.50516380159,-0.683760765666943
298.875827481656,-0.570738681101465
299.246468103848,-0.399568794907193
299.617085640103,-0.52099793342936
299.987680062357,-0.44482839553087
300.358251342548,-0.790778596464002
300.728799452613,-0.682724664133934
301.099324364487,-0.728330176292487
301.46982605011,-0.344270493610136
301.840304481416,-0.345526523521534
302.210759630343,-0.353201074925009
302.581191468828,-0.479605714065045
302.951599968808,-0.664872830074137
303.32198510222,-0.765852579765398
303.692346841,-0.992121567708233
304.062685157086,-0.673322820244286
304.433000022413,-0.31167917983045
304.80329140892,-0.138745515089118
305.173559288543,-0.152044973749587
305.543803633219,-0.135653119677487
305.914024414885,-0.0695203161695222
306.284221605477,-0.0693512159797627
306.654395176933,-0.220547210057582
307.024545101189,-0.177436782872261
307.394671350183,-0.104883489041552
307.764773895851,-0.105043989374737
308.13485271013,-0.0569244949209734
308.504907764956,-0.0102044964313056
308.874939032268,0.0835423639444775
309.244946484001,0.0540431679735348
309.614930092093,0.0615413405151094
309.984889828481,0.0896713835979186
310.3548256651,0.22131575810904
310.724737573889,0.133188736000218
311.094625526784,0.130569578552107
311.464489495722,0.0569794162446598
311.83432945264,0.186426409101653
312.204145369474,0.163070174346047
312.573937218162,-0.127105612544902
312.943704970641,0.310273748770433
313.313448598846,NAN
313.683168074717,0.098305478623134
314.052863370188,0.0132284093324493
314.422534457197,0.267601836749106
314.792181307681,NAN
315.161803893577,NAN
315.531402186821,NAN
315.900976159351,0.199481682870757
316.270525783103,0.0013383348139503
316.640051030015,-0.088668185596905
317.009551872022,-0.333644144802858
317.379028281063,-1.05537419855402
317.748480229074,0.368865592585023
318.117907687991,-0.208916647591467
318.487310629752,-0.554506026408487
318.856689026294,NAN
319.226042849552,-1.08824078043717
319.595372071465,-0.65362570011547
319.96467666397,-0.40978359050245
320.333956599002,-0.501788004413032
320.703211848499,-0.668760592119094
321.072442384398,-0.79456242986979
321.441648178636,-1.06486944318546
321.810829203149,NAN
322.179985429875,NAN
322.54911683075,NAN
322.918223377711,NAN
323.287305042695,NAN
323.656361797639,NAN
324.02539361448,NAN
324.394400465155,NAN
324.7633823216,NAN
325.132339155753,NAN
325.50127093955,NAN
325.870177644928,NAN
326.239059243824,NAN
326.607915708175,NAN
326.976747009919,NAN
327.34555312099,NAN
327.714334013328,NAN
328.083089658867,NAN
328.451820029547,NAN
328.820525097302,NAN
329.189204834071,-1.39444028453746
329.557859211789,-0.190328362343378
329.926488202394,NAN
330.295091777823,-0.397020209130983
330.663669910013,0.228686083413527
331.0322225709,0.304864506557418
331.400749732422,0.259392175773551
331.769251366515,1.42968462137679
332.137727445116,0.289698731924594
332.506177940162,0.128857281244602
332.874602823589,0.106889828880732
333.243002067336,0.384331672342911
333.611375643338,0.576735349439281
333.979723523533,0.714277348533561
334.348045679857,0.564825588302697
334.716342084247,0.318496387615031
335.084612708641,0.217448537317438
335.452857524975,0.255476931927928
335.821076505185,0.167166599735626
336.18926962121,0.052874981680217
336.557436844984,0.00789956579042561
336.925578148447,-0.132796905078383
337.293693503534,-0.448403147730461
337.661782882182,-0.144142733009292
338.029846256329,-0.248039932047814
338.39788359791,-0.555368959376445
338.765894878863,-0.631898216045989
339.133880071126,-1.54355787517649
339.501839146633,NAN
339.869772077324,NAN
340.237678835134,NAN
340.605559392,-0.87465950807598
340.973413719859,-0.33752386191993
341.341241790649,-0.108431459340099
341.709043576305,-0.153358403008654
342.076819048766,-0.0434768525392475
342.444568179967,-0.0569467397685217
342.812290941845,-0.0445116183812455
343.179987306338,-0.0343664450063392
343.547657245383,-0.12172962933379
343.915300730915,-0.0767142833610646
344.282917734873,-0.138535217182557
344.650508229193,-0.10387823026994
345.018072185811,-0.124795386884181
345.385609576666,-0.163003199446551
345.753120373693,-0.157582377486195
346.120604548829,-0.156653313380612
346.488062074012,-0.1913754977317
346.855492921178,-0.174837118006527
347.222897062264,-0.166802361450318
347.590274469207,-0.194133929420107
347.957625113944,-0.133400615558812
348.324948968412,-0.182635802234691
348.692246004547,-0.237325100956855
349.059516194287,-0.363862217796794
349.426759509569,-0.38546116687814
349.793975922328,-0.448059007825018
350.161165404503,-0.457500717057073
350.52832792803,-0.4604949739347
350.895463464845,-0.376262370037079
351.262571986887,-0.285613363115467
351.629653466091,-0.360666371895641
351.996707874395,-0.242603641604261
352.363735183735,-0.179391128681615
352.730735366048,-0.00185391756150514
353.097708393272,0.029627017032682
353.464654237342,0.23312416102342
353.831572870197,0.480513223625832
354.198464263772,NAN
354.565328390005,NAN
354.932165220833,NAN
355.298974728192,NAN
355.665756884019,0.337245182249886
356.032511660252,0.00714910559921137
356.399239028827,NAN
356.76593896168,-0.0587387455686664
357.13261143075,-0.0443358053504854
357.499256407972,-0.0410598412985474
357.865873865284,0.0495372590144944
358.232463774622,0.167155512953118
358.599026107923,-0.0118817845238286
358.965560837125,0.136503430285529
359.332067934164,-0.025902009841068
359.698547370977,-0.447549644345405
360.0649991195,-0.760808524151164
360.431423151672,-0.507453746217886
360.797819439428,-0.573147426115664
361.164187954705,-0.492913467536976
361.530528669441,-0.639804159552398
361.896841555572,-0.93587901014574
362.263126585036,-0.661338599687281
362.629383729768,-0.597762727463245
362.995612961706,-0.419254285626
363.361814252787,-0.234130209178706
363.727987574948,-0.248214434367996
364.094132900125,-0.19161775269426
364.460250200255,-0.291010637384736
364.826339447276,-0.350293498197953
365.192400613124,-0.304271764680658
365.558433669736,-0.424570417322075
365.924438589048,-0.457023624715087
366.290415342999,-0.52378282290156
366.656363903524,-0.639729799637231
367.022284242561,-0.656836287347535
367.388176332046,-0.324872788855658
367.754040143917,-0.153293476025931
368.119875650109,-0.210344086846467
368.485682822561,-0.275280114787364
368.851461633209,-0.257988447845339
369.217212053989,-0.256096174466946
369.582934056839,-0.0883590777621015
369.948627613696,-0.1838592822257
370.314292696496,-0.0685689846404032
370.679929277177,-0.110632196848521
371.045537327674,-0.218731296993279
371.411116819926,-0.332484532006932
371.776667725869,-0.512563874156183
372.142190017439,-0.373965001136242
372.507683666574,-0.20992556767836
372.873148645211,-0.167215469769528
373.238584925286,-0.114966827384307
373.603992478737,-0.0944577782970389
373.9693712775,-0.109600982706138
374.334721293512,-0.00618308757491666
374.70004249871,0.0333402450451795
375.06533486503,0.0789675992123384
375.430598364411,0.0138544959902632
375.795832968788,0.0255064767323246
376.161038650099,0.108621160868688
376.52621538028,0.00240819790941545
376.891363131268,0.056260332897637
377.256481875,-0.149918160901088
377.621571583413,-0.119206719204052
377.986632228445,-0.230598582376953
378.35166378203,-0.35119665009669
378.716666216108,-0.33354927573646
379.081639502614,-0.302927483343661
379.446583613486,-0.0988735778448535
379.811498520659,-0.0199706984779795
380.176384196072,-0.583373491541175
380.541240611661,-1.41160784930354
380.906067739363,-0.545469831453118
381.270865551115,-0.774911622308962
381.635634018853,-0.10097695687424
382.000373114515,-1.0260417256036
382.365082810037,NAN
382.729763077356,NAN
383.09441388841,NAN
383.459035215135,NAN
383.823627029468,NAN
384.188189303345,NAN
384.552722008704,NAN
384.917225117482,-1.11332501675138
385.281698601615,-0.24566704878072
385.64614243304,-0.417778208692106
386.010556583695,-0.413635449977689
386.374941025516,-0.228968602419769
386.739295730439,-0.208203563001666
387.103620670403,-0.218667802227439
387.467915817343,-0.366439202473531
387.832181143197,-0.387659312497538
388.196416619901,-0.417801607231483
388.560622219393,-0.912199205810802
388.924797913608,-0.902807986262119
389.288943674485,-1.24571980602452
389.65305947396,-0.867921396007433
390.01714528397,-1.63321384624704
390.381201076451,-0.692510515833497
390.745226823341,-0.70486336270967
391.109222496577,-0.600407840384361
391.473188068095,-0.630196343553093
391.837123509832,-0.698798913252981
392.201028793725,-0.807745791541618
392.564903891712,-0.670970517613594
392.928748775728,-0.933325842653743
393.292563417711,-0.822925972339291
393.656347789597,-0.655362678678978
394.020101863324,-0.966727756645678
394.383825610829,-1.43452920028759
394.747519004047,NAN
395.111182014917,NAN
395.474814615375,NAN
395.838416777358,NAN
396.201988472802,NAN
396.565529673645,NAN
396.929040351824,NAN
397.292520479275,NAN
397.655970027936,NAN
398.019388969742,NAN
398.382777276632,NAN
398.746134920542,NAN
399.109461873408,NAN
399.472758107168,NAN
399.836023593759,NAN
400.199258305117,NAN
400.562462213179,NAN
400.925635289883,NAN
401.288777507164,NAN
401.651888836961,NAN
402.014969251209,NAN
402.378018721846,NAN
402.741037220809,NAN
403.104024720034,NAN
403.466981191459,NAN
403.829906607019,NAN
404.192800938653,NAN
404.555664158297,NAN
404.918496237887,-1.61957617435068
405.281297149362,-0.690951870834859
405.644066864657,-0.673218270531328
406.006805355709,-0.536107123695558
406.369512594456,-0.651314448868868
406.732188552834,-0.756327213068083
407.09483320278,-0.881543250671683
407.457446516231,-0.48987808887999
407.820028465124,-0.336500599694821
408.182579021396,-0.281506828978688
408.545098156984,-0.48793091680065
408.907585843823,-0.38833191097748
409.270042053853,-0.274381030296766
409.632466759008,-0.45002948378231
409.994859931227,-0.399286712461315
410.357221542446,-0.238256218904558
410.719551564601,-0.348982406085679
411.081849969631,-0.40011463879625
411.444116729471,-0.319829015668537
411.806351816058,-0.189756915662591
412.16855520133,-0.320548627191782
412.530726857224,-0.354037619849823
412.892866755675,-0.323511738984755
413.254974868622,-0.431351023992316
413.617051168,-0.401173442637697
413.979095625747,-0.222762242784541
414.3411082138,-0.289445581202718
414.703088904096,-0.250269880471388
415.06503766857,-0.474372156901785
415.426954479162,-0.703506958033089
415.788839307806,-0.851684941491381
416.150692126441,-0.48000526356105
416.512512907002,-0.466569952520518
416.874301621427,-0.62010136976267
417.236058241653,-0.69512270159985
417.597782739617,NAN
417.959475087254,NAN
418.321135256504,-0.970894239504557
418.682763219301,-2.19751877573358
419.044358947584,-0.983179712478767
419.405922413288,NAN
419.767453588352,NAN
420.128952444711,NAN
420.490418954303,NAN
420.851853089064,NAN
421.213254820932,NAN
421.574624121842,NAN
421.935960963733,NAN
422.297265318541,NAN
422.658537158203,NAN
423.019776454656,NAN
423.380983179836,NAN
423.742157305681,NAN
424.103298804127,NAN
424.464407647111,NAN
424.82548380657,NAN
425.186527254442,-0.700532313047401
425.547537962662,-0.708847690701154
425.908515903169,NAN
426.269461047897,-0.764301512608422
426.630373368786,-0.814805838626173
426.991252837771,-0.754183857398092
427.352099426789,-0.28970576352572
427.712913107777,-0.29821383264143
428.073693852672,-0.155680079350477
428.434441633411,-0.171330787736916
428.795156421931,-0.011211936066135
429.155838190169,0.0310192556105186
429.516486910061,0.00157248733664587
429.877102553545,-0.102270467082996
430.237685092557,-0.0867379955348619
430.598234499034,-0.0307873732166944
430.958750744913,-0.000709858014468062
431.319233802131,0.0443937519432819
431.679683642625,0.011400859047276
432.040100238332,-0.0257921882067549
432.400483561188,-0.0058313048960025
432.760833583131,0.0133802313371888
433.121150276097,0.0109716412332471
433.481433612023,0.0592362990898136
433.841683562846,0.0255749170880873
434.201900100503,0.0464228109469043
434.562083196932,0.0774960912514637
434.922232824068,0.0669950490234964
435.282348953848,0.145135964373345
435.64243155821,0.115686010239963
436.00248060909,0.0546163994872061
436.362496078426,-0.0081937783054446
436.722477938154,0.024325859068421
437.08242616021,0.0470932744155656
437.442340716533,0.054496404839174
437.802221579058,0.0596290226851672
438.162068719723,0.0183196484658015
438.521882110464,-0.0282386762380692
438.881661723219,-0.0526645138894434
439.241407529924,-0.0875111769592943
439.601119502516,-0.0598383438106023
439.960797612932,-0.111112139153157
440.32044183311,-0.125250240046062
440.680052134984,-0.138410570571475
441.039628490494,-0.183946644567489
441.399170871575,-0.169857258169643
441.758679250164,-0.152895610691212
442.118153598199,-0.185380199414013
442.477593887616,-0.244905771039451
442.837000090352,-0.272548586492661
443.196372178344,-0.238213937159869
443.555710123528,-0.158256647665731
443.915013897843,-0.144391629284403
444.274283473224,-0.172575357154665
444.633518821608,-0.167703420463433
444.992719914933,-0.125943593379852
445.351886725134,-0.112777533073068
445.71101922415,-0.0914612535696103
446.070117383917,-0.102294665991431
446.429181176372,-0.0757956133068381
446.788210573451,-0.0466830833819575
447.147205547092,-0.0753694009038785
447.506166069231,-0.0892427422114052
447.865092111806,-0.0677796379361671
448.223983646753,-0.0842202214520463
448.582840646009,-0.0619967652322718
448.941663081511,0.0214028363021509
449.300450925196,0.0777258895492421
449.659204149,0.0647190250864897
450.017922724861,0.0797725513653918
450.376606624716,0.0506197023338188
450.735255820501,0.0648701416376339
451.093870284153,0.0226345117825955
451.452449987609,0.0845443900760259
451.810994902807,0.132039170057644
452.169505001682,0.20254809197367
452.527980256171,0.130896413562339
452.886420638213,0.145096603989255
453.244826119743,0.150463932815175
453.603196672698,0.114455831793734
453.961532269016,0.111651329448888
454.319832880633,0.110233469329589
454.678098479486,0.0682878822410316
455.036329037511,0.0180768891902551
455.394524526647,-0.00876098400402979
455.752684918829,0.00242343909048545
456.110810185995,-0.0102460247260005
456.468900300081,-0.0642063236220363
456.826955233024,-0.137695692638944
457.184974956761,-0.119544093135323
457.54295944323,-0.109988158092043
457.900908664367,-0.076112715961668
458.258822592108,-0.130469151297369
458.616701198391,-0.0682867311874666
458.974544455152,-0.0389048652843936
459.332352334329,-0.0112285855611329
459.690124807858,-0.0563124902212325
460.047861847677,-0.0247605439777047
460.405563425721,-0.0333056925694209
460.763229513928,-0.0818498867318387
461.120860084236,-0.00830645527293714
461.478455108579,-0.0461622420830735
461.836014558897,-0.0823652793641041
462.193538407125,-0.00723222917360573
462.5510266252,0.0789009021469502
462.90847918506,0.0940828139262903
463.26589605864,0.107014029587097
463.623277217879,0.133984755872248
463.980622634712,0.107996010398332
464.337932281077,0.117085236218901
464.695206128911,0.10527819286945
465.05244415015,0.0981917261022794
465.409646316731,0.0743100761366858
465.766812600592,0.0976364520568588
466.123942973669,0.0489070405473978
466.481037407899,-0.00518782750533569
466.838095875218,-0.00271449386944643
467.195118347565,0.030645338670109
467.552104796875,0.0538689277654086
467.909055195086,0.0766095144328733
468.265969514134,0.0666491358564128
468.622847725956,-0.00489378116369335
468.979689802489,0.0629147280107586
469.33649571567,0.129820021550548
469.693265437437,0.0998054346830128
470.049998939725,0.149030919992261
470.406696194471,0.203950383295173
470.763357173613,0.200425424802897
471.119981849088,0.184988151073424
471.476570192832,0.222631619354857
471.833122176782,0.250239933303852
472.189637772875,0.233004346262721
472.546116953048,0.232941768849485
472.902559689238,0.235152121743136
473.258965953381,0.206377620805004
473.615335717415,0.233175519536442
473.971668953276,0.291878922135381
474.327965632902,0.250699610673475
474.684225728229,0.220409784364289
475.040449211194,0.194660064308348
475.396636053734,0.200767492277465
475.752786227786,0.204733883827983
476.108899705286,0.262389429369521
476.464976458172,0.240295412900109
476.82101645838,0.220717545144803
477.177019677848,0.204050961283298
477.532986088512,0.187000484117258
477.888915662309,0.158618445313039
478.244808371176,0.161911101170143
478.60066418705,0.161523328489324
478.956483081867,0.140190427023323
479.312265027566,0.142899801582757
479.668009996081,0.152898270405849
480.023717959351,0.154748810019346
480.379388889312,0.14759543141032
480.735022757902,0.196582601442255
481.090619537056,0.232530378143852
481.446179198712,0.226264210121938
481.801701714807,0.265185360434237
482.157187057278,0.309749492279497
482.512635198061,0.347580063100686
482.868046109093,0.321136098943569
483.223419762312,0.354082614244316
483.578756129653,0.362024360305884
483.934055183055,0.370773452132711
484.289316894454,0.375419547963985
484.644541235786,0.424570333892233
484.999728178989,0.435353467594702
485.354877696,0.44516229823272
485.709989758755,0.447006710508351
486.065064339191,0.510878382425121
486.420101409246,0.604051973095366
486.775100940855,0.600481948523774
487.130062905957,0.620407949277928
487.484987276487,0.613777860526305
487.839874024383,0.609418377164427
488.194723121581,0.577452551996325
488.549534540019,0.55513658515556
488.904308251633,0.513151762510245
489.25904422836,0.451907891520413
489.613742442138,0.435377802581892
489.968402864902,0.434104507867465
490.32302546859,0.445383615651475
490.677610225139,0.459701998890002
491.032157106485,0.436040106120845
491.386666084566,0.445094962566309
491.741137131318,0.453191030228949
492.095570218679,0.467896830752092
492.449965318584,0.487551030278235
492.804322402971,0.485092457320153
493.158641443778,0.506418238234313
493.51292241294,0.479743784390451
493.867165282394,0.467569474929416
494.221370024078,0.473247175534503
494.575536609928,0.469015380771987
494.929665011882,0.494288342561862
495.283755201876,0.515905251401778
495.637807151846,0.497816395128977
495.991820833731,0.50214934050884
496.345796219466,0.493564494092604
496.699733280989,0.514706980733441
497.053631990237,0.508816471228988
497.407492319145,0.500023296920235
497.761314239652,0.507577336520896
498.115097723695,0.512430687811578
498.468842743209,0.531855348239148
498.822549270132,0.556012843881759
499.176217276401,0.570536899150184
499.529846733952,0.54834006103312
499.883437614723,0.5524483239041
500.23698989065,0.568212962631677
500.590503533671,0.554697878437154
500.943978515722,0.582931193606327
501.29741480874,0.58759009863904
501.650812384661,0.593443083180918
502.004171215424,0.609608724512601
502.357491272964,0.619639029446927
502.710772529219,0.642442027772862
503.064014956125,0.654960019419757
503.41721852562,0.66960338925099
503.770383209639,0.665020257348803
504.123508980121,0.68340493898858
504.476595809001,0.706456206325004
504.829643668218,0.76182750158626
505.182652529707,0.762925351082388
505.535622365406,0.753687556654318
505.888553147251,0.738578251858273
506.241444847179,0.721821018621209
506.594297437128,0.72585425954759
506.947110889034,0.72935557813657
507.299885174833,0.716364202435323
507.652620266464,0.702789874048684
508.005316135862,0.71635414462096
508.357972754965,0.707893522152631
508.710590095709,0.710938121085462
509.063168130032,0.719184773770971
509.41570682987,0.694670398807606
509.76820616716,0.697715685459911
510.120666113839,0.690744074565557
510.473086641844,0.696700126095107
510.825467723111,0.695391640144962
511.177809329579,0.71380691391247
511.530111433182,0.705749864134214
511.882374005859,0.693310282292844
512.234597019547,0.672378010950435
512.586780446181,0.694490570472309
512.9389242577,0.700306594249463
513.291028426039,0.702291404897741
513.643092923136,0.706791204289107
513.995117720928,0.704822883857306
514.347102791351,0.720612697649998
514.699048106343,0.731551090371334
515.050953637839,0.741663180661251
515.402819357779,0.758425522058612
515.754645238097,0.764876453944232
516.106431250731,0.772513566285383
516.458177367618,0.783683699622755
516.809883560694,0.788804616511802
517.161549801897,0.773391179347529
517.513176063164,0.775472323136623
517.86476231643,0.787617121663614
518.216308533634,0.788239896739319
518.567814686712,0.782918492707094
518.919280747601,0.78417706847099
519.270706688238,0.796971260946218
519.622092480559,0.815745839517485
519.973438096502,0.831186458645538
520.324743508003,0.832357176689268
520.676008687,0.844333844772324
521.027233605429,0.842216589116865
521.378418235227,0.846757394563313
521.729562548331,0.847593619290238
522.080666516678,0.837550647412409
522.431730112204,0.842794400875115
522.782753306847,0.835353834808433
523.133736072544,0.833115187494689
523.484678381231,0.82851174019164
523.835580204845,0.825440295306598
524.186441515323,0.838844474569751
524.537262284602,0.852800043183988
524.888042484619,0.860482974246164
525.238782087311,0.858957143652131
525.589481064614,0.867978556560463
525.940139388466,0.878734823816572
526.290757030804,0.879627909225789
526.641333963563,0.879032776348466
526.991870158682,0.876059539934374
527.342365588096,0.871138421849905
527.692820223744,0.876861503748306
528.043234037561,0.881538602296452
528.393607001485,0.888112337718017
528.743939087453,0.882234260223109
529.094230267401,0.884120787604671
529.444480513266,0.890606927639853
529.794689796985,0.891824398096746
530.144858090495,0.896420601911239
530.494985365733,0.897495780784424
530.845071594636,0.90515340425703
531.195116749141,0.90823484023313
531.545120801184,0.903037701843129
531.895083722703,0.901872469190458
532.245005485634,0.897075481769908
532.594886061914,0.894560201751755
532.94472542348,0.891860393395487
533.294523542269,0.88755390603235
533.644280390218,0.891535309567438
533.993995939263,0.891639494936832
534.343670161342,0.894691174379969
534.693303028392,0.886474058948297
535.042894512349,0.883324052002528
535.39244458515,0.8752727205623
535.741953218732,0.870792228155267
536.091420385032,0.874777925158183
536.440846055987,0.873783269560223
536.790230203534,0.873767214150883
537.139572799609,0.870117831374719
537.48887381615,0.861185003217235
537.838133225093,0.854759860810892
538.187350998375,0.846777008834683
538.536527107933,0.838636905156459
538.885661525705,0.836494767604324
539.234754223626,0.833791292940353
539.583805173634,0.828248101371189
539.932814347665,0.822147827870835
540.281781717658,0.814525558910193
540.630707255547,0.808412405102466
540.979590933271,0.802848476985581
541.328432722765,0.796234257782594
541.677232595968,0.79008826695279
542.025990524816,0.785208293978297
542.374706481245,0.779579478077437
542.723380437193,0.775853960725056
543.072012364597,0.768069135407635
543.420602235393,0.760082711511758
543.769150021518,0.751181215626583
544.117655694909,0.742969896645805
544.466119227504,0.736177340591491
544.814540591238,0.731276566572634
545.162919758049,0.728248091845403
545.511256699874,0.720132973264315
545.859551388649,0.713332891583181
546.207803796312,0.705739346734505
546.556013894799,0.694512710629947
546.904181656047,0.684607278515976
547.252307051993,0.677645079944181
547.600390054574,0.670792687868255
547.948430635727,0.661426151190358
548.296428767389,0.654142073120106
548.644384421496,0.64542714955916
548.992297569986,0.635313143427669
549.340168184795,0.625589724123624
549.68799623786,0.615055600635818
550.035781701118,0.605260020035408
550.383524546506,0.594677497150299
550.731224745961,0.586586849806355
551.07888227142,0.578414341490076
551.426497094819,0.567076217877017
551.774069188096,0.556525215235992
552.121598523187,0.544903634961411
552.469085072029,0.534661376785482
552.81652880656,0.525881020117526
553.163929698715,0.516325581454641
553.511287720433,0.506679304748844
553.858602843648,0.49779757166297
554.2058750403,0.490134343058627
554.553104282324,0.480886756945037
554.900290541658,0.471350795849486
555.247433790237,0.463140990919459
555.594534,0.452959035711862
555.941591142883,0.444430046236513
556.288605190823,0.434047968652647
556.635576115756,0.426016332890706
556.98250388962,0.419570025895259
557.329388484352,0.411297611085105
557.676229871887,0.403869364268833
558.023028024165,0.395166743826776
558.36978291312,0.385501672684114
558.716494510691,0.378003153366017
559.063162788813,0.370170801073941
559.409787719424,0.363659489381775
559.756369274461,0.357138032698827
560.10290742586,0.350927735786758
560.449402145559,0.34444354166629
560.795853405494,0.337424833294072
561.142261177602,0.330049381811737
561.48862543382,0.322169406504601
561.834946146085,0.316791347674854
562.181223286334,0.309651068065182
562.527456826504,0.303530737607214
562.873646738531,0.297316362706958
563.219792994353,0.291011908044317
563.565895565906,0.285706859120883
563.911954425127,0.27934490380279
564.257969543953,0.272257618068388
564.603940894321,0.26704879027333
564.949868448168,0.261654089127192
565.295752177431,0.256271533970807
565.641592054046,0.252368497609037
565.987388049951,0.247629019231384
566.333140137082,0.241761607916915
566.678848287376,0.235739582549937
567.024512472771,0.229197313941115
567.370132665202,0.223141597730746
567.715708836607,0.218079382562847
568.061240958923,0.212874537726757
568.406729004087,0.208589761032092
568.752172944035,0.204807336677482
569.097572750704,0.199575430691803
569.442928396032,0.195370461948723
569.788239851955,0.190337819343058
570.13350709041,0.186479975987162
570.478730083333,0.182145401735722
570.823908802663,0.177714346452513
571.169043220335,0.174172247149613
571.514133308286,0.16984585572835
571.859179038454,0.165858681353925
572.204180382775,0.16206155454759
572.549137313187,0.158121741200687
572.894049801625,0.153165500426358
573.238917820027,0.149711568852742
573.58374134033,0.146678266904597
573.928520334471,0.143063085679852
574.273254774386,0.139280086878277
574.617944632013,0.134461157750511
574.962589879288,0.130329917514529
575.307190488148,0.127427523876329
575.65174643053,0.124356796743698
575.996257678371,0.120923234783313
576.340724203608,0.117682086959408
576.685145978178,0.113250846466998
577.029522974017,0.109682164183365
577.373855163062,0.105393652660152
577.718142517251,0.102334985062434
578.06238500852,0.0997128642585445
578.406582608806,0.0957630300306272
578.750735290046,0.0931013232436528
579.094843024177,0.0894559018463515
579.438905783136,0.086887487766111
579.782923538859,0.0841754895942772
580.126896263284,0.0816343746185487
580.470823928347,0.0784568700011638
580.814706505985,0.0758362242461694
581.158543968135,0.0738442992169426
581.502336286734,0.0727435149049577
581.84608343372,0.0718647239036766
582.189785381027,0.0687793274506341
582.533442100595,0.0658410608631004
582.877053564359,0.0624798979991497
583.220619744256,0.0589018402445962
583.564140612224,0.0556274259318574
583.907616140198,0.0546508703079236
584.251046300117,0.0526186178805915
584.594431063916,0.0511143659006623
584.937770403534,0.0488937304941221
585.281064290905,0.0465004127219085
585.624312697969,0.044635970324697
585.967515596661,0.0427624428153814
586.310672958918,0.0399448247961713
586.653784756677,0.0372811992451091
586.996850961875,0.0344225194268826
587.339871546449,0.0317589904496537
587.682846482336,0.0298670016678037
588.025775741473,0.0279944349436889
588.368659295796,0.0259246041579942
588.711497117242,0.0224503144204032
589.054289177749,0.0202880998020855
589.397035449253,0.0199012975253479
589.739735903691,0.0172159868207152
590.082390513,0.0150532649844785
590.424999249117,0.0138299826546811
590.767562083978,0.0117331941144298
591.110078989521,0.00896152768074539
591.452549937683,0.00707298186769891
591.794974900399,0.00539840850230385
592.137353849608,0.00360844722801561
592.479686757246,0.00178076674702296
592.82197359525,-0.000584664810208263
593.164214335557,-0.00231582608293503
593.506408950103,-0.00254704534604255
593.848557410826,-0.00433870661810016
594.190659689662,-0.00624380546090843
594.532715758549,-0.00927019710832079
594.874725589423,-0.0127067387906161
595.216689154221,-0.0157055406693799
595.55860642488,-0.0167463894287028
595.900477373337,-0.0163226819410691
596.242301971529,-0.018663236845392
596.584080191392,-0.0218397382728343
596.925812004864,-0.0230190590939132
597.267497383881,-0.0235229680589304
597.60913630038,-0.024809710247723
597.950728726299,-0.0264740149572509
598.292274633573,-0.0281656077713221
598.633773994141,-0.02935688412695
598.975226779938,-0.031888238545488
599.316632962901,-0.0344876441971801
599.657992514969,-0.0367224847454331
599.999305408076,-0.0389109985603842
600.340571614161,-0.0404168967366721
600.68179110516,-0.0420631303705243
601.02296385301,-0.0434608000253065
601.364089829648,-0.0444473468158141
601.705169007011,-0.0442882732791344
602.046201357035,-0.0442062302245234
602.387186851658,-0.0449111737014259
602.728125462816,-0.0472909095101845
603.069017162446,-0.0503726506516376
603.409861922486,-0.0514848161778865
603.750659714872,-0.0517999676521198
604.09141051154,-0.0516247975602848
604.432114284429,-0.0523026144708889
604.772771005474,-0.0539533010196646
605.113380646613,-0.0547335965320739
605.453943179782,-0.0557789601261116
605.794458576919,-0.0580124012887179
606.134926809959,-0.0592981688798022
606.475347850841,-0.0594961208000016
606.8157216715,-0.0586911919105462
607.156048243875,-0.0578704209983
607.496327539901,-0.0580763072702293
607.836559531516,-0.0594022880371689
608.176744190656,-0.0609695377695254
608.516881489259,-0.061664907197869
608.856971399261,-0.0624739597711844
609.197013892598,-0.0633419934104065
609.537008941209,-0.0636177215334172
609.87695651703,-0.0641854070893514
610.216856591997,-0.0652242486447062
610.556709138048,-0.0654361397979576
610.896514127119,-0.0668876147408758
611.236271531148,-0.0688965459960369
611.575981322071,-0.0704948530770325
611.915643471826,-0.0708767738632772
612.255257952348,-0.0717329873531381
612.594824735575,-0.0713866112905574
612.934343793443,-0.0712215347201887
613.273815097891,-0.0715071405520662
613.613238620854,-0.0714074414652121
613.952614334269,-0.0735112006579725
614.291942210073,-0.0740757047813236
614.631222220204,-0.075097045524289
614.970454336598,-0.0757043025670557
615.309638531191,-0.0757001042770101
615.648774775922,-0.0750386959592412
615.987863042726,-0.0748361446260067
616.32690330354,-0.0741622791502601
616.665895530302,-0.0737007984272048
617.004839694949,-0.07336891610497
617.343735769416,-0.0724314066431083
617.682583725641,-0.0728005221167604
618.021383535562,-0.0719084105151577
618.360135171114,-0.0717381466877415
618.698838604235,-0.0714573714796058
619.037493806861,-0.0712929040701351
619.37610075093,-0.069887792330239
619.714659408378,-0.0697365348044366
620.053169751142,-0.0685379062124726
620.39163175116,-0.0673816542769486
620.730045380367,-0.0682159568861069
621.068410610701,-0.0682462806486252
621.406727414099,-0.0682625054120828
621.744995762497,-0.0683245777420633
622.083215627833,-0.0680071175813337
622.421386982043,-0.0671406336459333
622.759509797065,-0.0676072733174222
623.097584044834,-0.0680985442024492
623.435609697289,-0.0692379396684648
623.773586726365,-0.0699906336164847
624.111515104,-0.0707963869788081
624.449394802131,-0.071009847707344
624.787225792694,-0.0705985993392058
625.125008047626,-0.0702918987072873
625.462741538865,-0.0706326233491802
625.800426238347,-0.0714668820955363
626.138062118008,-0.0720551606639662
626.475649149787,-0.0719761818508688
626.81318730562,-0.0726986270418468
627.150676557443,-0.0731689558519168
627.488116877193,-0.0740383152470752
627.825508236808,-0.0734173585579952
628.162850608224,-0.0728342792962903
628.500143963378,-0.0730623143691813
628.837388274208,-0.0729349962606149
629.174583512649,-0.0740312410090887
629.511729650639,-0.0757713152038624
629.848826660115,-0.0769354017501449
630.185874513013,-0.07655242363214
630.52287318127,-0.0754913848035434
630.859822636824,-0.0750276913185072
631.196722851611,-0.0743568450063023
631.533573797568,-0.0732066798139833
631.870375446632,-0.0733116100679349
632.20712777074,-0.0738353498958151
632.543830741828,-0.0722935621249347
632.880484331834,-0.0704289923945281
633.217088512694,-0.0693711301534232
633.553643256346,-0.0698460548430964
633.890148534726,-0.0688029708388804
634.226604319771,-0.0688063160480306
634.563010583418,-0.0687829096990385
634.899367297604,-0.0690889991309532
635.235674434265,-0.0682376249984582
635.571931965339,-0.0679732582770942
635.908139862762,-0.0693814292600702
636.244298098472,-0.067842967146161
636.580406644405,-0.0655580668454186
636.916465472498,-0.0641406720788866
637.252474554688,-0.0637040665008635
637.588433862912,-0.0632303104746259
637.924343369107,-0.0636206079094445
638.260203045209,-0.0630629616846762
638.596012863155,-0.0635251899465441
638.931772794883,-0.0625443161982185
639.26748281233,-0.0616129075955132
639.603142887431,-0.0618134127297991
639.938752992124,-0.0631260416116705
640.274313098346,-0.0635108413683521
640.609823178034,-0.0630544171685701
640.945283203125,-0.0628661033803398
641.280693145555,-0.0624635304494309
641.616052977261,-0.0614338282468626
641.951362670181,-0.0606147093850775
642.286622196251,-0.062234237503121
642.621831527408,-0.0630403735048929
642.956990635589,-0.0621632897173381
643.29209949273,-0.0619916802670394
643.627158070769,-0.0616691998416088
643.962166341643,-0.0615249421598686
644.297124277288,-0.0621915016463752
644.632031849641,-0.0637247341556882
644.96688903064,-0.0641944034600086
645.30169579222,-0.0655959539685344
645.63645210632,-0.066863486731851
645.971157944875,-0.0674337011124735
646.305813279823,-0.0683282865971556
646.640418083101,-0.0690842022150953
646.974972326644,-0.0686523572551408
647.309475982392,-0.0684326231560423
647.643929022279,-0.0690231375898376
647.978331418243,-0.0699791158148279
648.312683142222,-0.0698578862564448
648.646984166151,-0.0701196265404729
648.981234461968,-0.0715054946887933
649.315434001609,-0.0709083020590827
649.649582757012,-0.0703033525888174
649.983680700114,-0.0703186439283864
650.31772780285,-0.071645113479308
650.651724037159,-0.072801551459025
650.985669374976,-0.0732122912639684
651.319563788239,-0.073519501312171
651.653407248885,-0.072216982689415
651.987199728851,-0.0718305729906323
652.320941200073,-0.0709664251945002
652.654631634489,-0.0703767991041883
652.988271004034,-0.0705534219717283
653.321859280647,-0.070209110009861
653.655396436264,-0.07005551394094
653.988882442822,-0.0700628256005938
654.322317272257,-0.070514625025187
654.655700896507,-0.0707707406278891
654.989033287508,-0.0716083672522763
655.322314417198,-0.0726424318158411
655.655544257514,-0.0731338797238306
655.988722780391,-0.0732854691181779
656.321849957767,-0.0737471378447814
656.654925761579,-0.0741644889711738
656.987950163764,-0.0739207619001584
657.320923136259,-0.071626660092131
657.653844651,-0.0711202727331969
657.986714679924,-0.0708310651035965
658.319533194969,-0.069967157206739
658.652300168071,-0.0711552589482941
658.985015571167,-0.070740016555205
659.317679376194,-0.0718314792431256
659.650291555089,-0.0728661731452652
659.982852079788,-0.0739612487213937
660.315360922229,-0.0756902149808148
660.647818054348,-0.0762711867451257
660.980223448083,-0.0762332283061649
661.31257707537,-0.0767569098271699
661.644878908146,-0.0769339749043644
661.977128918348,-0.0756843043622866
662.309327077912,-0.0752155368118382
662.641473358776,-0.0760227770568557
662.973567732877,-0.0747099754801131
663.305610172151,-0.0734811267133957
663.637600648536,-0.0725650277284262
663.969539133968,-0.0731702561420443
664.301425600384,-0.0747893309566844
664.633260019721,-0.0752501832939597
664.965042363916,-0.0747688416572347
665.296772604905,-0.0749133926867583
665.628450714626,-0.0754014070146279
665.960076665016,-0.0766291205706988
666.291650428011,-0.0763026278089041
666.623171975548,-0.0749246668792819
666.954641279564,-0.0742771319449746
667.286058311996,-0.0726394129972927
667.617423044781,-0.071976905344977
667.948735449856,-0.0721928110889825
668.279995499157,-0.0714230234155912
668.611203164622,-0.0704569752746098
668.942358418188,-0.0715532283968348
669.27346123179,-0.0717220813165825
669.604511577367,-0.0709935095983227
669.935509426854,-0.071213116390992
670.26645475219,-0.0709553142862184
670.59734752531,-0.070601872148044
670.928187718152,-0.0694554859032843
671.258975302652,-0.0704664132058339
671.589710250748,-0.0713649493127423
671.920392534376,-0.0725518657377143
672.251022125474,-0.0716746226258268
672.581598995977,-0.0709109199113574
672.912123117823,-0.0694167306938704
673.24259446295,-0.0678718250789267
673.573013003292,-0.0680963959774229
673.903378710788,-0.0673542628110305
674.233691557375,-0.0678999190951435
674.563951514989,-0.0670773840433374
674.894158555567,-0.0672451291916488
675.224312651046,-0.0673681605698372
675.554413773363,-0.067204104326591
675.884461894455,-0.0664248713820925
676.214456986259,-0.0664004242155722
676.544399020711,-0.0659819152205461
676.874287969749,-0.065535038365356
677.204123805309,-0.0654277167509742
677.533906499328,-0.0657588477072434
677.863636023743,-0.0652803697943953
678.193312350492,-0.0642362049832062
678.522935451509,-0.0629641962904493
678.852505298734,-0.0623983143445416
679.182021864103,-0.0632042127270957
679.511485119551,-0.0637416310779416
679.840895037018,-0.0645145268797144
680.170251588438,-0.0646091614564288
680.49955474575,-0.0653003621923034
680.828804480889,-0.0651719976819287
681.158000765793,-0.064652537583302
681.487143572399,-0.0648921104345282
681.816232872644,-0.0646864530309041
682.145268638464,-0.0642264923294506
682.474250841797,-0.0652112766548896
682.803179454579,-0.0657315635890862
683.132054448747,-0.0655222728311333
683.460875796238,-0.0663313921570239
683.789643468988,-0.0672862966373089
684.118357438936,-0.0687456332288427
684.447017678017,-0.0696686442176679
684.775624158169,-0.0703404956301983
685.104176851328,-0.0691635264948249
685.432675729432,-0.0693128021590584
685.761120764416,-0.0701085975602345
686.089511928219,-0.0699282878230355
686.417849192776,-0.0684074861902651
686.746132530026,-0.0676183372080296
687.074361911904,-0.0685704669763185
687.402537310347,-0.0684916399684286
687.730658697293,-0.0696893664733389
688.058726044678,-0.0699576357011204
688.38673932444,-0.0696294363491859
688.714698508514,-0.0689946726816404
689.042603568838,-0.0681750874936183
689.37045447735,-0.0680189652019759
689.698251205985,-0.0674656953928797
690.02599372668,-0.0668913346394188
690.353682011373,-0.0656083880526175
690.681316032,-0.0660085460861664
691.008895760498,-0.0659941466351881
691.336421168805,-0.064786677692201
691.663892228856,-0.0651054126400985
691.99130891259,-0.0653136010530839
692.318671191942,-0.0647264060432129
692.645979038849,-0.0631788668757383
692.973232425249,-0.062274516902098
693.300431323079,-0.0613675806319276
693.627575704274,-0.061103043689738
693.954665540773,-0.0598034177395472
694.281700804512,-0.0581137305281459
694.608681467427,-0.0576244557386188
694.935607501457,-0.0568559804834643
695.262478878536,-0.0577312666376915
695.589295570604,-0.0576846680906149
695.916057549596,-0.0583081171734503
696.242764787449,-0.0567792246147832
696.5694172561,-0.0571028113733602
696.896014927486,-0.0565622538066279
697.222557773544,-0.0562345629291408
697.549045766211,-0.0542567788758275
697.875478877423,-0.0524119685930016
698.201857079118,-0.0521627932836361
698.528180343233,-0.0514675052654921
698.854448641703,-0.052616671647835
699.180661946467,-0.0542307026754426
699.506820229461,-0.0563438628828255
699.832923462621,-0.0578535817249752
700.158971617886,-0.058537325372036
700.484964667191,-0.0580028712496225
700.810902582474,-0.0588330590613406
701.136785335671,-0.0595943475975039
701.462612898719,-0.0590413569624476
701.788385243556,-0.0597462730537579
702.114102342118,-0.059811112076218
702.439764166341,-0.0600878113306396
702.765370688163,-0.0598062692359065
703.090921879521,-0.0615830962922514
703.416417712352,-0.0610353994280175
703.741858158592,-0.061302522591943
704.067243190178,-0.0620103256561859
704.392572779048,-0.06256819782186
704.717846897138,-0.0629385077896389
705.043065516384,-0.062254159567005
705.368228608725,-0.0628472722304337
705.693336146096,-0.0627705184295636
706.018388100434,-0.0607187213044659
706.343384443678,-0.058053974486103
706.668325147762,-0.057508691944608
706.993210184625,-0.0571898838173844
707.318039526203,-0.0576080747359884
707.642813144433,-0.0578260663848218
707.967531011251,-0.0580499847380853
708.292193098596,-0.0580944539605847
708.616799378403,-0.0567838016397336
708.94134982261,-0.0559760114942497
709.265844403152,-0.0565747344118569
709.590283091969,-0.0578886064350042
709.914665860995,-0.0571792965565686
710.238992682168,-0.0567567362085134
710.563263527425,-0.0566653412786908
710.887478368703,-0.0570713823109433
711.211637177939,-0.058148128246627
711.535739927069,-0.0587992903127281
711.85978658803,-0.059478270602219
712.18377713276,-0.0573874762666753
712.507711533195,-0.0566812517449394
712.831589761272,-0.0585960618302143
713.155411788927,-0.0604296877900699
713.479177588099,-0.0603114874711733
713.802887130723,-0.0616165879485576
714.126540388737,-0.0630670455438963
714.450137334077,-0.0630375878326951
714.773677938681,-0.0637492633467677
715.097162174484,-0.063467441246054
715.420590013425,-0.0643421142195537
715.74396142744,-0.0650455122441836
716.067276388465,-0.0637028794519373
716.390534868438,-0.0629846631145752
716.713736839296,-0.062011855431511
717.036882272975,-0.062350675420062
717.359971141412,-0.0629628084818889
717.683003416545,-0.063207453784391
718.00597907031,-0.0635787923318909
718.328898074644,-0.0646335772024115
718.651760401483,-0.0667660773321573
718.974566022765,-0.0684704192656379
719.297314910427,-0.0690331035524356
719.620007036405,-0.0665534299728162
719.942642372637,-0.0654519187112772
720.265220891059,-0.0656471066015578
720.587742563608,-0.065411187586104
720.910207362221,-0.0652125310223452
721.232615258834,-0.0655641893880114
721.554966225386,-0.0656783680501222
721.877260233812,-0.0686876921903008
722.19949725605,-0.0695585950721508
722.521677264035,-0.0698761956467391
722.843800229707,-0.0692309485030534
723.165866125,-0.0696589703077346
723.487874921852,-0.0708407109266598
723.809826592201,-0.0701841169413909
724.131721107981,-0.0717569857568203
724.453558441132,-0.0714267228260699
724.775338563589,-0.0703101840224354
725.09706144729,-0.0695645071692359
725.41872706417,-0.0682238364356065
725.740335386168,-0.0684936364893927
726.06188638522,-0.0685954247629564
726.383380033263,-0.0707234734202769
726.704816302234,-0.0723334734052988
727.026195164069,-0.0725837315700765
727.347516590706,-0.0743173438700682
727.668780554081,-0.072639747726301
727.989987026131,-0.0717582094932457
728.311135978794,-0.0721466349933337
728.632227384006,-0.0701728860506735
728.953261213704,-0.0699102698835274
729.274237439824,-0.0695695373609208
729.595156034304,-0.0711895533180372
729.916016969081,-0.0714480631869078
730.236820216091,-0.0719063981851209
730.557565747271,-0.0743058063777659
730.878253534559,-0.0718939945443825
731.198883549891,-0.071508155091443
731.519455765203,-0.0734229100267308
731.839970152434,-0.0726172700474637
732.160426683519,-0.0722663050163861
732.480825330396,-0.0726077179950219
732.801166065001,-0.0731837710631372
733.121448859272,-0.0727805661795804
733.441673685144,-0.0720219116391773
733.761840514556,-0.0719513297741672
734.081949319444,-0.0696095969168677
734.402000071745,-0.0713981872226322
734.721992743395,-0.073791356912822
735.041927306332,-0.0721563419995737
735.361803732493,-0.072362049579481
735.681621993814,-0.0726629223915008
736.001382062232,-0.073561347458107
736.321083909684,-0.073979519186164
736.640727508108,-0.0730155070104961
736.960312829439,-0.072435142700068
737.279839845615,-0.0719886995945081
737.599308528572,-0.0754877436317075
737.918718850248,-0.0765739206392796
738.23807078258,-0.0748613221017116
738.557364297503,-0.0747923679572299
738.876599366956,-0.076791401594392
739.195775962875,-0.0767561972678728
739.514894057197,-0.0767704140283052
739.833953621858,-0.0781347102454063
740.152954628797,-0.0791154451823604
740.471897049948,-0.080336484760992
740.79078085725,-0.0812499802616176
741.10960602264,-0.0801013712165821
741.428372518053,-0.0784364734408228
741.747080315428,-0.0788184782063127
742.065729386701,-0.0766942141907894
742.384319703808,-0.0769417475834632
742.702851238687,-0.0776020388558213
743.021323963275,-0.0777891631664997
743.339737849508,-0.0786800706444376
743.658092869323,-0.0791665787606507
743.976388994658,-0.0782105033418597
744.294626197448,-0.0753738895938417
744.612804449632,-0.073175320447693
744.930923723145,-0.0729884960929302
745.248983989926,-0.0733742096749111
745.566985221909,-0.0712522268435959
745.884927391033,-0.0705258957754901
746.202810469235,-0.07071939845719
746.52063442845,-0.0696612242015837
746.838399240617,-0.0687631033627583
747.156104877672,-0.0685333520421677
747.473751311551,-0.0692834851279654
747.791338514193,-0.0694535187383174
748.108866457533,-0.0692424195895458
748.426335113508,-0.0698939072181963
748.743744454056,-0.071277428557443
749.061094451113,-0.0689633148523597
749.378385076616,-0.0660481568910472
749.695616302502,-0.0661928669773966
750.012788100708,-0.067978621261399
750.329900443171,-0.0692799125476162
750.646953301828,-0.0699875990788458
750.963946648614,-0.0709726448533746
751.280880455469,-0.073837258919204
751.597754694327,-0.0737165750716046
751.914569337127,-0.0757569775294145
752.231324355805,-0.0769141087153585
752.548019722297,-0.0764853946909497
752.864655408542,-0.0770139990217461
753.181231386475,-0.0775264370256916
753.497747628033,-0.0756498871382216
753.814204105154,-0.0744489524795396
754.130600789775,-0.074814521203239
754.446937653831,-0.0767875320780362
754.763214669261,-0.0784782151919368
755.079431808,-0.0788385522622727
755.395589041986,-0.0804696946229405
755.711686343156,-0.0845125969299743
756.027723683447,-0.0870840538711773
756.343701034794,-0.0849391993003321
756.659618369137,-0.0817474583081884
756.97547565841,-0.0805170144867987
757.291272874552,-0.0806437670910779
757.607009989498,-0.0813659852858302
757.922686975186,-0.0822103906333275
758.238303803553,-0.0836587152244552
758.553860446535,-0.0819664722924607
758.86935687607,-0.0824473245639877
759.184793064095,-0.0848140421308095
759.500168982545,-0.0854316983921343
759.815484603359,-0.0837752860249922
760.130739898472,-0.0845528729196906
760.445934839823,-0.0855873443468436
760.761069399347,-0.0841225688086423
761.076143548982,-0.0839136512076509
761.391157260664,-0.0831194237850637
761.706110506331,-0.082246224936677
762.021003257918,-0.0817536693065688
762.335835487364,-0.078623024326969
762.650607166605,-0.0791119747961408
762.965318267578,-0.0804604721862913
763.27996876222,-0.0812035136866801
763.594558622467,-0.0810446765451238
763.909087820256,-0.081332667674996
764.223556327526,-0.0826789386121546
764.537964116211,-0.0828120858922625
764.85231115825,-0.0825471869827869
765.166597425578,-0.0840828339342973
765.480822890133,-0.0836364534702198
765.794987523853,-0.0818568654662376
766.109091298672,-0.0807669553628855
766.42313418653,-0.0829840418330562
766.737116159362,-0.0844620343451052
767.051037189105,-0.08394920568412
767.364897247696,-0.0854101341658404
767.678696307072,-0.0857722556489781
767.99243433917,-0.0867882057770194
768.306111315927,-0.0894383226071213
768.61972720928,-0.0918930493871384
768.933281991165,-0.0949939749742791
769.24677563352,-0.095592007491012
769.560208108281,-0.095167549957792
769.873579387385,-0.0965347647004982
770.186889442769,-0.0980963593456723
770.50013824637,-0.0982327263683497
770.813325770125,-0.0981195575047842
771.126451985971,-0.0957874685544742
771.439516865844,-0.0949391523517923
771.752520381682,-0.0952050056640148
772.065462505421,-0.0974688206361395
772.378343208998,-0.10081119363627
772.69116246435,-0.0998135395322334
773.003920243415,-0.0999129460233124
773.316616518127,-0.100039962687888
773.629251260427,-0.102058349143497
773.941824442248,-0.104671985905251
774.254336035529,-0.105986005569708
774.566786012206,-0.108339486674769
774.879174344217,-0.10669745666247
775.191501003498,-0.105041125383273
775.503765961985,-0.103065983624
775.815969191617,-0.102646314068525
776.128110664329,-0.104195453676534
776.440190352059,-0.10472363121033
776.752208226743,-0.104745355135342
777.064164260319,-0.10535783125153
777.376058424723,-0.104432384485138
777.687890691892,-0.104058440786601
777.999661033763,-0.105469445185848
778.311369422273,-0.105132505356649
778.623015829359,-0.102950123299722
778.934600226958,-0.102312661138719
779.246122587006,-0.104747419171826
779.557582881441,-0.107086693158517
779.868981082198,-0.109541685142825
780.180317161216,-0.10955926661319
780.491591090431,-0.107979239470859
780.80280284178,-0.108239100721302
781.113952387199,-0.106894167481166
781.425039698627,-0.107486982150493
781.736064747998,-0.10806295172557
782.047027507252,-0.110992203913322
782.357927948324,-0.112604535519159
782.66876604315,-0.11338936514827
782.979541763669,-0.114212687683349
783.290255081817,-0.114777718137368
783.600905969531,-0.112937471320279
783.911494398747,-0.11258754362919
784.222020341403,-0.11560713032639
784.532483769435,-0.117381430743222
784.842884654781,-0.121014893307609
785.153222969377,-0.122470500481988
785.46349868516,-0.12169930551754
785.773711774067,-0.121453064716083
786.083862208035,-0.122832968277369
786.393949959,-0.124785606790668
786.7039749989,-0.12394595359797
787.013937299672,-0.1211861310451
787.323836833252,-0.12138977904063
787.633673571577,-0.121413265822694
787.943447486584,-0.123916962772849
788.25315855021,-0.125737568960078
788.562806734393,-0.128369958798934
788.872392011068,-0.129793410459367
789.181914352172,-0.130834823800806
789.491373729643,-0.13130814638235
789.800770115417,-0.130876232611367
790.110103481432,-0.131016610292296
790.419373799624,-0.132722175249308
790.72858104193,-0.132876302295566
791.037725180286,-0.132644604855533
791.346806186631,-0.132473138872685
791.6558240329,-0.132576542198126
791.964778691031,-0.133455337530746
792.27367013296,-0.135310035018531
792.582498330624,-0.133767899729987
792.891263255961,-0.131762807296805
793.199964880906,-0.132672191055897
793.508603177398,-0.13659589199234
793.817178117372,-0.136890923955515
794.125689672766,-0.138593213083477
794.434137815516,-0.141146537250377
794.74252251756,-0.140256525645558
795.050843750834,-0.139742111932024
795.359101487276,-0.138818964220524
795.667295698821,-0.140511230515483
795.975426357407,-0.140231953056452
796.283493434972,-0.142029877667117
796.59149690345,-0.145746969538324
796.899436734781,-0.146622821958029
797.2073129009,-0.149872373982781
797.515125373744,-0.153159755114423
797.822874125251,-0.152291067567581
798.130559127356,-0.154345009806458
798.438180351998,-0.15374804452826
798.745737771112,-0.152970410394375
799.053231356636,-0.153438929238882
799.360661080507,-0.151800699590373
799.668026914661,-0.15297889830589
799.975328831035,-0.153673218526439
800.282566801567,-0.154062004653572
800.589740798193,-0.153092840670606
800.89685079285,-0.151635201328583
801.203896757475,-0.151811211432972
801.510878664004,-0.148879745824359
801.817796484375,-0.148487319874637
802.124650190525,-0.145206487738332
802.431439754389,-0.147923697405767
802.738165147907,-0.151550734841281
803.044826343013,-0.154411423465251
803.351423311645,-0.155521642753332
803.657956025741,-0.154479676716848
803.964424457236,-0.15100334527723
804.270828578067,-0.149367283808833
804.577168360172,-0.148459171099954
804.883443775488,-0.150023029542016
805.189654795951,-0.150369956409681
805.495801393498,-0.150641084675479
805.801883540066,-0.154420798393611
806.107901207592,-0.15622131544408
806.413854368013,-0.154394073236553
806.719742993265,-0.151689487892167
807.025567055286,-0.152558531465485
807.331326526012,-0.150871310527644
807.637021377381,-0.151327008350729
807.942651581329,-0.151968492806947
808.248217109793,-0.153398291464406
808.55371793471,-0.15491897613964
808.859154028017,-0.150537194707993
809.16452536165,-0.145018541010041
809.469831907547,-0.143258057501642
809.775073637644,-0.143375090372038
810.080250523879,-0.144712829939612
810.385362538188,-0.150482922242622
810.690409652508,-0.15269260175896
810.995391838776,-0.1534322527365
811.300309068929,-0.155325025568243
811.605161314903,-0.152334630304615
811.909948548637,-0.152963430201818
812.214670742065,-0.153644591615953
812.519327867126,-0.154497008004916
812.823919895756,-0.153574079361355
813.128446799893,-0.157556327123745
813.432908551472,-0.15734868452759
813.737305122431,-0.158820885850415
814.041636484707,-0.1611490687299
814.345902610237,-0.162142639719362
814.650103470957,-0.159788492414036
814.954239038804,-0.163068273498585
815.258309285716,-0.168950925306848
815.562314183628,-0.174218726348815
815.866253704479,-0.177681186381112
816.170127820205,-0.178479251471069
816.473936502742,-0.177204269563509
816.777679724029,-0.1752329743666
817.081357456,-0.173407725097708
817.384969670594,-0.173115258525812
817.688516339747,-0.175636007578899
817.991997435397,-0.179766902469745
818.295412929479,-0.180105643431974
818.598762793932,-0.17735960195144
818.902047000691,-0.178420155833483
819.205265521694,-0.181194980848477
819.508418328877,-0.178046145038919
819.811505394178,-0.17892369089488
820.114526689533,-0.181863054634869
820.417482186879,-0.183308135298703
820.720371858153,-0.182298990392615
821.023195675293,-0.186704615629992
821.325953610234,-0.188178252485479
821.628645634914,-0.18835381825311
821.931271721269,-0.18702934747981
822.233831841237,-0.185523046985613
822.536325966754,-0.184140629659012
822.838754069758,-0.184566049351255
823.141116122184,-0.183507578581402
823.44341209597,-0.185700423920006
823.745641963054,-0.184942739638301
824.047805695371,-0.183133035948465
824.349903264858,-0.185696606558613
824.651934643453,-0.182733308248036
824.953899803093,-0.1820061408114
825.255798715713,-0.17589299269228
825.557631353252,-0.178421174507751
825.859397687646,-0.181258054279271
826.161097690831,-0.180566196800695
826.462731334745,-0.176586452573023
826.764298591325,-0.173841936737208
827.065799432508,-0.176947231977647
827.36723383023,-0.176837645227605
827.668601756427,-0.17259683069143
827.969903183038,-0.169541955314383
828.271138082,-0.168372458619564
828.572306425248,-0.172231637929515
828.873408184719,-0.17369228386435
829.174443332352,-0.173688118313081
829.475411840082,-0.174734412727756
829.776313679846,-0.17746319011621
830.077148823582,-0.183326272635682
830.377917243226,-0.186484401738044
830.678618910715,-0.184492416059954
830.979253797985,-0.186475081888289
831.279821876975,-0.190239454463038
831.58032311962,-0.191041809119778
831.880757497858,-0.188604660300277
832.181124983625,-0.187307838368662
832.481425548858,-0.18910137796703
832.781659165495,-0.192201827835585
833.081825805472,-0.186790486402642
833.381925440725,-0.182634455649817
833.681958043193,-0.179384436371121
833.981923584811,-0.17847437590645
834.281822037517,-0.176533881572851
834.581653373247,-0.176629430669843
834.881417563938,-0.172383973008162
835.181114581528,-0.172006463640989
835.480744397953,-0.170702159120458
835.78030698515,-0.167155088339519
836.079802315055,-0.160728730583422
836.379230359606,-0.157515798776084
836.67859109074,-0.148745215330062
836.977884480393,-0.149990021759933
837.277110500503,-0.149828681256743
837.576269123006,-0.146593707924731
837.875360319839,-0.149697767020101
838.174384062939,-0.149601994894763
838.473340324243,-0.151893948924579
838.772229075688,-0.157244226244714
839.07105028921,-0.154874253233233
839.369803936746,-0.16302261937973
839.668489990234,-0.168322844334183
839.967108421611,-0.165821186767459
840.265659202812,-0.170364452963799
840.564142305776,-0.176577752426651
840.862557702438,-0.180304705829258
841.160905364736,-0.182651342776112
841.459185264607,-0.180326766062248
841.757397373987,-0.176789739705306
842.055541664814,-0.183189271334432
842.353618109024,-0.186300565112148
842.651626678554,-0.183421375483888
842.949567345341,-0.193614073059939
843.247440081322,-0.196555196798962
843.545244858434,-0.199348994244655
843.842981648613,-0.204907664762634
844.140650423797,-0.207933527755691
844.438251155922,-0.211883207935785
844.735783816926,-0.211289210802697
845.033248378745,-0.198584261131428
845.330644813316,-0.205244292261831
845.627973092576,-0.203894984975734
845.925233188462,-0.205476461949753
846.22242507291,-0.209949678017056
846.519548717858,-0.208608138276422
846.816604095242,-0.204191404273285
847.113591177,-0.203053066439944
847.410509935068,-0.197254368488552
847.707360341383,-0.202405212402581
848.004142367882,-0.205993277737874
848.300855986502,-0.198687258434994
848.597501169179,-0.201402253407991
848.894077887851,-0.206896212546274
849.190586114455,-0.201875364065271
849.487025820927,-0.202581070502368
849.783396979204,-0.201565787701904
850.079699561223,-0.200561542719167
850.375933538921,-0.196195421902951
850.672098884235,-0.192244536087679
850.968195569102,-0.197801368715621
851.264223565458,-0.200131583702519
851.560182845241,-0.198499775474995
851.856073380388,-0.189833378393352
852.151895142834,-0.184330759628221
852.447648104518,-0.182879395560626
852.743332237375,-0.188594849996289
853.038947513344,-0.193259711397518
853.33449390436,-0.194307870961969
853.629971382361,-0.194857576628075
853.925379919284,-0.197820171462752
854.220719487065,-0.206610280594764
854.515990057641,-0.207682426767145
854.811191602949,-0.198499026606071
855.106324094926,-0.198918623182945
855.401387505509,-0.203604875037067
855.696381806636,-0.201732991046069
855.991306970241,-0.202231209812059
856.286162968263,-0.202917524015818
856.580949772639,-0.206944648159019
856.875667355305,-0.210189629327934
857.170315688198,-0.202716760263672
857.464894743255,-0.200185075090203
857.759404492413,-0.194112334215722
858.053844907609,-0.201828841460908
858.348215960779,-0.205266777282857
858.642517623861,-0.210168551275152
858.936749868792,-0.210167064036933
859.230912667508,-0.207591127583719
859.525005991946,-0.20347037991449
859.819029814043,-0.19874844412647
860.112984105736,-0.193772692523464
860.406868838962,-0.186276514038539
860.700683985658,-0.190075028603746
860.99442951776,-0.193082358511674
861.288105407206,-0.194640445413051
861.581711625932,-0.186738917263918
861.875248145875,-0.181179349443346
862.168714938972,-0.182595065777335
862.462111977161,-0.177379339218037
862.755439232377,-0.172397494915394
863.048696676558,-0.182236716931509
863.34188428164,-0.183240895378724
863.635002019561,-0.191974968675036
863.928049862258,-0.191697710712011
864.221027781666,-0.188389545469693
864.513935749724,-0.184706199392761
864.806773738368,-0.180519418597549
865.099541719535,-0.170501836773358
865.392239665161,-0.173862519383232
865.684867547184,-0.175639792127632
865.977425337541,-0.184793379376894
866.269913008168,-0.189688996175363
866.562330531002,-0.196731736369002
866.85467787798,-0.19474489149663
867.14695502104,-0.197288554673301
867.439161932117,-0.181537565808481
867.731298583149,-0.186919894840415
868.023364946073,-0.189995432526536
868.315360992825,-0.190567294678768
868.607286695343,-0.205342798850449
868.899142025563,-0.208204226434611
869.190926955422,-0.201331536397866
869.482641456857,-0.212524580788898
869.774285501805,-0.20684348738157
870.065859062203,-0.192773238011519
870.357362109988,-0.199956372131276
870.648794617096,-0.197601777547461
870.940156555465,-0.193844197908069
871.231447897031,-0.204041674436371
871.522668613731,-0.198411808445862
871.813818677502,-0.198967994397652
872.104898060281,-0.193796541124391
872.395906734005,-0.18589905038452
872.686844670611,-0.178961796094946
872.977711842035,-0.182904483875511
873.268508220215,-0.188342100063798
873.559233777087,-0.201133154716268
873.849888484588,-0.202923377316586
874.140472314656,-0.209691242275282
874.430985239226,-0.204152166709328
874.721427230237,-0.199873036117816
875.011798259623,-0.205632519061365
875.302098299324,-0.190864531372588
875.592327321275,-0.184738728626611
875.882485297414,-0.187874035509824
876.172572199676,-0.203847355011324
876.462588,-0.202772096629187
876.752532670322,-0.19850774613601
877.042406182579,-0.195802164665956
877.332208508707,-0.199578135649474
877.621939620644,-0.195941699721463
877.911599490327,-0.195637044159931
878.201188089692,-0.204127704545771
878.490705390676,-0.215622967349756
878.780151365216,-0.211196152974824
879.06952598525,-0.196505535163109
879.358829222713,-0.196906857994174
879.648061049543,-0.198126220387258
879.937221437677,-0.185609493951237
880.226310359051,-0.179851519376846
880.515327785603,-0.181987015556007
880.804273689269,-0.162607160317683
881.093148041986,-0.151373296479627
881.381950815691,-0.161939262033343
881.670681982322,-0.159901469338777
881.959341513813,-0.163978887057652
882.247929382104,-0.17827677811514
882.53644555913,-0.173107175242748
882.824890016829,-0.177954335333191
883.113262727137,-0.184298222310064
883.401563661991,-0.175346365901923
883.689792793328,-0.200920659563951
883.977950093085,-0.207308836771659
884.266035533199,-0.199806468598175
884.554049085607,-0.183545339996294
884.841990722245,-0.184710135846942
885.129860415051,-0.179565380976604
885.417658135961,-0.166425660817491
885.705383856912,-0.158916689624849
885.993037549842,-0.161289534040257
886.280619186686,-0.166358837458773
886.568128739383,-0.181331762835535
886.855566179867,-0.213671402762387
887.142931480078,-0.244005998321845
887.430224611951,-0.239529486256347
887.717445547423,-0.236248022797084
888.004594258432,-0.23430898274958
888.291670716914,-0.218508564743779
888.578674894806,-0.236099554238922
888.865606764044,-0.249773854900251
889.152466296567,-0.262430961617929
889.43925346431,-0.261294318480294
889.72596823921,-0.222142315395023
890.012610593205,-0.209505930613533
